v0,v1
v1,v2
v2,v0
v3,v4
v4,v5
v5,v3
v6,v7
v7,v8
v8,v6
v9,v10
v10,v11
v11,v9
v12,v13
v13,v14
v14,v12
v15,v16
v16,v17
v17,v15
v18,v19
v19,v20
v20,v18
v21,v22
v22,v23
v23,v21
v24,v25
v25,v26
v26,v24
v27,v28
v28,v29
v29,v27
v30,v31
v31,v32
v32,v30
v33,v34
v34,v35
v35,v33
v36,v37
v37,v38
v38,v36
v39,v40
v40,v41
v41,v39
v42,v43
v43,v44
v44,v42
v45,v46
v46,v47
v47,v45
v48,v49
v49,v50
v50,v48
v51,v52
v52,v53
v53,v51
v54,v55
v55,v56
v56,v54
v57,v58
v58,v59
v59,v57
v60,v61
v61,v62
v62,v60
v63,v64
v64,v65
v65,v63
v66,v67
v67,v68
v68,v66
v69,v70
v70,v71
v71,v69
v72,v73
v73,v74
v74,v72
v75,v76
v76,v77
v77,v75
v78,v79
v79,v80
v80,v78
v81,v82
v82,v83
v83,v81
v84,v85
v85,v86
v86,v84
v87,v88
v88,v89
v89,v87
v90,v91
v91,v92
v92,v90
v93,v94
v94,v95
v95,v93
v96,v97
v97,v98
v98,v96
v99,v100
v100,v101
v101,v99
v102,v103
v103,v104
v104,v102
v105,v106
v106,v107
v107,v105
v108,v109
v109,v110
v110,v108
v111,v112
v112,v113
v113,v111
v114,v115
v115,v116
v116,v114
v117,v118
v118,v119
v119,v117
v120,v121
v121,v122
v122,v120
v123,v124
v124,v125
v125,v123
v126,v127
v127,v128
v128,v126
v129,v130
v130,v131
v131,v129
v132,v133
v133,v134
v134,v132
v135,v136
v136,v137
v137,v135
v138,v139
v139,v140
v140,v138
v141,v142
v142,v143
v143,v141
v144,v145
v144,v36
v144,v164
v144,v179
v144,v151
v144,v172
v144,v196
v144,v168
v144,v199
v144,v185
v144,v154
v144,v176
v144,v186
v144,v173
v144,v175
v144,v197
v144,v159
v145,v146
v145,v117
v145,v174
v145,v183
v145,v158
v145,v163
v145,v149
v145,v196
v145,v147
v145,v192
v145,v159
v145,v173
v145,v152
v145,v153
v145,v155
v145,v199
v145,v177
v145,v162
v145,v178
v145,v150
v145,v184
v145,v188
v145,v164
v145,v160
v146,v147
v146,v102
v146,v162
v146,v192
v146,v196
v146,v170
v146,v173
v146,v189
v146,v167
v146,v151
v146,v193
v146,v179
v146,v181
v147,v148
v147,v114
v147,v158
v147,v183
v147,v156
v147,v196
v147,v152
v147,v161
v147,v157
v147,v198
v147,v149
v147,v162
v147,v194
v147,v175
v147,v186
v148,v149
v148,v0
v148,v181
v148,v185
v148,v163
v148,v188
v148,v171
v148,v179
v148,v196
v148,v155
v148,v164
v148,v170
v148,v153
v148,v150
v148,v154
v148,v190
v148,v198
v149,v150
v149,v102
v149,v172
v149,v169
v149,v155
v149,v196
v149,v163
v149,v160
v149,v165
v149,v187
v149,v181
v150,v151
v150,v102
v150,v160
v150,v180
v150,v195
v150,v173
v150,v154
v150,v158
v150,v162
v150,v193
v150,v155
v150,v167
v150,v178
v150,v172
v151,v152
v151,v48
v151,v190
v151,v164
v151,v194
v151,v193
v151,v174
v151,v160
v151,v168
v151,v179
v151,v196
v151,v186
v151,v163
v151,v195
v152,v153
v152,v105
v152,v186
v152,v174
v152,v184
v152,v168
v152,v187
v152,v176
v152,v179
v152,v195
v152,v192
v152,v160
v152,v177
v152,v166
v152,v180
v152,v189
v152,v185
v153,v154
v153,v72
v153,v182
v153,v155
v153,v169
v153,v189
v153,v181
v153,v190
v153,v156
v153,v187
v153,v172
v153,v183
v153,v170
v153,v192
v153,v161
v154,v155
v154,v36
v154,v170
v154,v167
v154,v195
v154,v158
v154,v180
v154,v159
v154,v156
v154,v162
v154,v182
v154,v184
v154,v197
v154,v165
v154,v160
v154,v183
v154,v163
v154,v181
v155,v156
v155,v84
v155,v161
v155,v172
v155,v171
v155,v199
v155,v183
v155,v186
v155,v176
v155,v175
v155,v187
v156,v157
v156,v123
v156,v198
v156,v172
v156,v182
v156,v180
v156,v160
v156,v173
v156,v187
v156,v175
v156,v191
v156,v166
v156,v196
v157,v158
v157,v69
v157,v191
v157,v176
v157,v186
v157,v177
v157,v171
v157,v174
v157,v180
v157,v162
v157,v173
v157,v172
v157,v164
v157,v161
v157,v159
v158,v159
v158,v36
v158,v181
v158,v177
v158,v179
v158,v198
v158,v166
v158,v172
v159,v160
v159,v0
v159,v162
v159,v179
v159,v192
v159,v198
v159,v189
v159,v195
v159,v193
v159,v173
v159,v186
v159,v180
v159,v164
v159,v172
v159,v196
v160,v161
v160,v18
v160,v188
v160,v195
v160,v180
v160,v184
v160,v199
v160,v177
v160,v196
v160,v169
v160,v181
v160,v191
v160,v175
v160,v193
v160,v189
v160,v173
v161,v162
v161,v27
v161,v176
v161,v165
v161,v195
v161,v187
v161,v197
v161,v189
v161,v170
v161,v173
v161,v199
v161,v172
v161,v190
v161,v184
v162,v163
v162,v42
v162,v198
v162,v181
v162,v194
v162,v169
v162,v168
v162,v191
v162,v184
v162,v182
v162,v167
v162,v180
v162,v164
v162,v172
v163,v164
v163,v87
v163,v198
v163,v173
v163,v166
v163,v195
v163,v194
v163,v179
v163,v199
v163,v169
v163,v189
v163,v183
v163,v182
v163,v187
v164,v165
v164,v6
v164,v199
v164,v174
v164,v194
v164,v189
v164,v176
v164,v172
v164,v195
v165,v166
v165,v21
v165,v184
v165,v168
v165,v199
v165,v172
v165,v181
v165,v167
v166,v167
v166,v42
v166,v186
v166,v190
v166,v181
v166,v196
v166,v180
v166,v172
v166,v189
v166,v193
v166,v199
v167,v168
v167,v0
v167,v177
v167,v182
v167,v172
v167,v197
v167,v199
v167,v174
v167,v179
v167,v192
v167,v170
v168,v169
v168,v48
v168,v196
v168,v181
v168,v192
v168,v173
v168,v198
v168,v187
v168,v180
v169,v170
v169,v123
v169,v197
v169,v174
v169,v186
v169,v171
v169,v180
v169,v189
v169,v196
v169,v178
v169,v175
v169,v181
v169,v173
v170,v171
v170,v15
v170,v181
v170,v196
v170,v172
v170,v182
v171,v172
v171,v81
v171,v178
v171,v182
v171,v181
v171,v179
v172,v173
v172,v39
v172,v199
v172,v177
v172,v182
v172,v189
v172,v192
v172,v184
v172,v178
v172,v179
v173,v174
v173,v3
v173,v189
v173,v180
v173,v198
v173,v191
v173,v193
v173,v195
v174,v175
v174,v132
v174,v191
v174,v198
v174,v181
v174,v189
v174,v177
v174,v179
v174,v196
v174,v176
v174,v188
v175,v176
v175,v6
v175,v186
v175,v194
v175,v196
v175,v195
v175,v198
v175,v187
v175,v181
v175,v178
v176,v177
v176,v30
v176,v193
v176,v187
v176,v198
v176,v189
v176,v196
v176,v195
v176,v180
v177,v178
v177,v84
v177,v196
v177,v185
v177,v198
v177,v182
v177,v190
v177,v199
v177,v194
v178,v179
v178,v60
v178,v192
v178,v187
v178,v188
v178,v183
v178,v190
v178,v186
v178,v195
v178,v196
v178,v189
v179,v180
v179,v33
v179,v192
v179,v182
v179,v185
v179,v184
v179,v191
v179,v189
v180,v181
v180,v51
v180,v182
v180,v187
v180,v188
v180,v185
v180,v199
v180,v196
v181,v182
v181,v141
v181,v193
v181,v196
v181,v194
v181,v191
v181,v184
v181,v185
v182,v183
v182,v15
v182,v194
v182,v199
v182,v186
v182,v196
v182,v190
v183,v184
v183,v0
v183,v198
v183,v190
v183,v188
v184,v185
v184,v72
v184,v189
v184,v190
v184,v192
v185,v186
v185,v54
v185,v192
v185,v188
v185,v195
v185,v193
v186,v187
v186,v54
v186,v193
v186,v196
v186,v198
v186,v199
v187,v188
v187,v12
v187,v199
v187,v192
v187,v196
v187,v198
v188,v189
v188,v63
v188,v193
v188,v192
v188,v197
v188,v190
v189,v190
v189,v15
v189,v191
v189,v199
v189,v194
v189,v196
v189,v192
v190,v191
v190,v96
v190,v198
v190,v199
v190,v192
v191,v192
v191,v117
v191,v196
v191,v198
v191,v194
v191,v199
v191,v197
v192,v193
v192,v81
v192,v198
v193,v194
v193,v78
v193,v198
v193,v197
v193,v195
v194,v195
v194,v15
v194,v198
v194,v199
v195,v196
v195,v3
v195,v198
v196,v197
v196,v96
v196,v199
v197,v198
v197,v93
v198,v199
v198,v18
v199,v96
